{
    "$schema": "https://schema.management.azure.com/schemas/2015-01-01/deploymentParameters.json#",
    "contentVersion": "1.0.0.0",
    "parameters": {
        "virtualMachines_vm1_name": {
            "value": null
        },
        "networkInterfaces_vm1550_name": {
            "value": null
        },
        "publicIPAddresses_vm1_ip_name": {
            "value": null
        },
        "virtualNetworks_mijnnetwerk_name": {
            "value": null
        },
        "networkSecurityGroups_vm1_nsg_name": {
            "value": null
        },
        "schedules_shutdown_computevm_vm1_name": {
            "value": null
        },
        "autoscalesettings_VakantieEnDretiendeMaand_name": {
            "value": null
        },
        "serverFarms_ps_my_first_plan_externalid": {
            "value": null
        }
    }
}