{
    "$schema": "https://schema.management.azure.com/schemas/2019-04-01/deploymentTemplate.json#",
    "contentVersion": "1.0.0.0",
    "parameters": {
        "virtualMachines_vm1_name": {
            "defaultValue": "vm1",
            "type": "String"
        },
        "networkInterfaces_vm1550_name": {
            "defaultValue": "vm1550",
            "type": "String"
        },
        "publicIPAddresses_vm1_ip_name": {
            "defaultValue": "vm1-ip",
            "type": "String"
        },
        "virtualNetworks_mijnnetwerk_name": {
            "defaultValue": "mijnnetwerk",
            "type": "String"
        },
        "networkSecurityGroups_vm1_nsg_name": {
            "defaultValue": "vm1-nsg",
            "type": "String"
        },
        "schedules_shutdown_computevm_vm1_name": {
            "defaultValue": "shutdown-computevm-vm1",
            "type": "String"
        },
        "autoscalesettings_VakantieEnDretiendeMaand_name": {
            "defaultValue": "VakantieEnDretiendeMaand",
            "type": "String"
        },
        "serverFarms_ps_my_first_plan_externalid": {
            "defaultValue": "/subscriptions/b61c14ee-0646-4d4a-857a-7e76d6a5065c/resourceGroups/ACME.AZ204/providers/Microsoft.Web/serverFarms/ps-my-first-plan",
            "type": "String"
        }
    },
    "variables": {},
    "resources": [
        {
            "type": "microsoft.insights/autoscalesettings",
            "apiVersion": "2022-10-01",
            "name": "[parameters('autoscalesettings_VakantieEnDretiendeMaand_name')]",
            "location": "West Europe",
            "properties": {
                "profiles": [
                    {
                        "name": "Auto created default scale condition",
                        "capacity": {
                            "minimum": "1",
                            "maximum": "5",
                            "default": "1"
                        },
                        "rules": [
                            {
                                "metricTrigger": {
                                    "metricName": "CpuPercentage",
                                    "metricNamespace": "microsoft.web/serverfarms",
                                    "metricResourceUri": "[parameters('serverFarms_ps_my_first_plan_externalid')]",
                                    "timeGrain": "PT1M",
                                    "statistic": "Average",
                                    "timeWindow": "PT10M",
                                    "timeAggregation": "Average",
                                    "operator": "GreaterThan",
                                    "threshold": 70,
                                    "dimensions": [],
                                    "dividePerInstance": false
                                },
                                "scaleAction": {
                                    "direction": "Increase",
                                    "type": "ChangeCount",
                                    "value": "1",
                                    "cooldown": "PT5M"
                                }
                            },
                            {
                                "metricTrigger": {
                                    "metricName": "CpuPercentage",
                                    "metricNamespace": "microsoft.web/serverfarms",
                                    "metricResourceUri": "[parameters('serverFarms_ps_my_first_plan_externalid')]",
                                    "timeGrain": "PT1M",
                                    "statistic": "Average",
                                    "timeWindow": "PT10M",
                                    "timeAggregation": "Average",
                                    "operator": "LessThan",
                                    "threshold": 50,
                                    "dimensions": [],
                                    "dividePerInstance": false
                                },
                                "scaleAction": {
                                    "direction": "Decrease",
                                    "type": "ChangeCount",
                                    "value": "1",
                                    "cooldown": "PT5M"
                                }
                            }
                        ]
                    }
                ],
                "enabled": true,
                "name": "[parameters('autoscalesettings_VakantieEnDretiendeMaand_name')]",
                "targetResourceUri": "[parameters('serverFarms_ps_my_first_plan_externalid')]",
                "notifications": [],
                "predictiveAutoscalePolicy": {
                    "scaleMode": "Disabled"
                }
            }
        },
        {
            "type": "Microsoft.Network/networkSecurityGroups",
            "apiVersion": "2023-04-01",
            "name": "[parameters('networkSecurityGroups_vm1_nsg_name')]",
            "location": "westeurope",
            "properties": {
                "securityRules": [
                    {
                        "name": "RDP",
                        "id": "[resourceId('Microsoft.Network/networkSecurityGroups/securityRules', parameters('networkSecurityGroups_vm1_nsg_name'), 'RDP')]",
                        "type": "Microsoft.Network/networkSecurityGroups/securityRules",
                        "properties": {
                            "protocol": "TCP",
                            "sourcePortRange": "*",
                            "destinationPortRange": "3389",
                            "sourceAddressPrefix": "*",
                            "destinationAddressPrefix": "*",
                            "access": "Allow",
                            "priority": 300,
                            "direction": "Inbound",
                            "sourcePortRanges": [],
                            "destinationPortRanges": [],
                            "sourceAddressPrefixes": [],
                            "destinationAddressPrefixes": []
                        }
                    }
                ]
            }
        },
        {
            "type": "Microsoft.Network/publicIPAddresses",
            "apiVersion": "2023-04-01",
            "name": "[parameters('publicIPAddresses_vm1_ip_name')]",
            "location": "westeurope",
            "sku": {
                "name": "Standard",
                "tier": "Regional"
            },
            "properties": {
                "ipAddress": "20.61.208.186",
                "publicIPAddressVersion": "IPv4",
                "publicIPAllocationMethod": "Static",
                "idleTimeoutInMinutes": 4,
                "ipTags": []
            }
        },
        {
            "type": "Microsoft.Network/virtualNetworks",
            "apiVersion": "2023-04-01",
            "name": "[parameters('virtualNetworks_mijnnetwerk_name')]",
            "location": "westeurope",
            "properties": {
                "addressSpace": {
                    "addressPrefixes": [
                        "192.168.0.0/16"
                    ]
                },
                "encryption": {
                    "enabled": false,
                    "enforcement": "AllowUnencrypted"
                },
                "subnets": [
                    {
                        "name": "sub_1",
                        "id": "[resourceId('Microsoft.Network/virtualNetworks/subnets', parameters('virtualNetworks_mijnnetwerk_name'), 'sub_1')]",
                        "properties": {
                            "addressPrefix": "192.168.100.0/24",
                            "serviceEndpoints": [],
                            "delegations": [],
                            "privateEndpointNetworkPolicies": "Disabled",
                            "privateLinkServiceNetworkPolicies": "Enabled"
                        },
                        "type": "Microsoft.Network/virtualNetworks/subnets"
                    },
                    {
                        "name": "sub_2",
                        "id": "[resourceId('Microsoft.Network/virtualNetworks/subnets', parameters('virtualNetworks_mijnnetwerk_name'), 'sub_2')]",
                        "properties": {
                            "addressPrefix": "192.168.1.0/24",
                            "serviceEndpoints": [],
                            "delegations": [],
                            "privateEndpointNetworkPolicies": "Disabled",
                            "privateLinkServiceNetworkPolicies": "Enabled"
                        },
                        "type": "Microsoft.Network/virtualNetworks/subnets"
                    }
                ],
                "virtualNetworkPeerings": [],
                "enableDdosProtection": false
            }
        },
        {
            "type": "Microsoft.Compute/virtualMachines",
            "apiVersion": "2023-03-01",
            "name": "[parameters('virtualMachines_vm1_name')]",
            "location": "westeurope",
            "dependsOn": [
                "[resourceId('Microsoft.Network/networkInterfaces', parameters('networkInterfaces_vm1550_name'))]"
            ],
            "properties": {
                "hardwareProfile": {
                    "vmSize": "Standard_D4s_v5"
                },
                "storageProfile": {
                    "imageReference": {
                        "publisher": "microsoftwindowsdesktop",
                        "offer": "windows-11",
                        "sku": "win11-22h2-pro",
                        "version": "latest"
                    },
                    "osDisk": {
                        "osType": "Windows",
                        "name": "[concat(parameters('virtualMachines_vm1_name'), '_OsDisk_1_371ff3649fba4d63ba99a9515c01a442')]",
                        "createOption": "FromImage",
                        "caching": "ReadWrite",
                        "managedDisk": {
                            "storageAccountType": "Premium_LRS",
                            "id": "[resourceId('Microsoft.Compute/disks', concat(parameters('virtualMachines_vm1_name'), '_OsDisk_1_371ff3649fba4d63ba99a9515c01a442'))]"
                        },
                        "deleteOption": "Delete",
                        "diskSizeGB": 127
                    },
                    "dataDisks": [],
                    "diskControllerType": "SCSI"
                },
                "osProfile": {
                    "computerName": "[parameters('virtualMachines_vm1_name')]",
                    "adminUsername": "patrick",
                    "windowsConfiguration": {
                        "provisionVMAgent": true,
                        "enableAutomaticUpdates": true,
                        "patchSettings": {
                            "patchMode": "AutomaticByOS",
                            "assessmentMode": "ImageDefault",
                            "enableHotpatching": false
                        },
                        "enableVMAgentPlatformUpdates": false
                    },
                    "secrets": [],
                    "allowExtensionOperations": true,
                    "requireGuestProvisionSignal": true
                },
                "securityProfile": {
                    "uefiSettings": {
                        "secureBootEnabled": true,
                        "vTpmEnabled": true
                    },
                    "securityType": "TrustedLaunch"
                },
                "networkProfile": {
                    "networkInterfaces": [
                        {
                            "id": "[resourceId('Microsoft.Network/networkInterfaces', parameters('networkInterfaces_vm1550_name'))]",
                            "properties": {
                                "deleteOption": "Detach"
                            }
                        }
                    ]
                },
                "licenseType": "Windows_Client"
            }
        },
        {
            "type": "microsoft.devtestlab/schedules",
            "apiVersion": "2018-09-15",
            "name": "[parameters('schedules_shutdown_computevm_vm1_name')]",
            "location": "westeurope",
            "dependsOn": [
                "[resourceId('Microsoft.Compute/virtualMachines', parameters('virtualMachines_vm1_name'))]"
            ],
            "properties": {
                "status": "Enabled",
                "taskType": "ComputeVmShutdownTask",
                "dailyRecurrence": {
                    "time": "1900"
                },
                "timeZoneId": "UTC",
                "notificationSettings": {
                    "status": "Disabled",
                    "timeInMinutes": 30,
                    "notificationLocale": "en"
                },
                "targetResourceId": "[resourceId('Microsoft.Compute/virtualMachines', parameters('virtualMachines_vm1_name'))]"
            }
        },
        {
            "type": "Microsoft.Network/networkSecurityGroups/securityRules",
            "apiVersion": "2023-04-01",
            "name": "[concat(parameters('networkSecurityGroups_vm1_nsg_name'), '/RDP')]",
            "dependsOn": [
                "[resourceId('Microsoft.Network/networkSecurityGroups', parameters('networkSecurityGroups_vm1_nsg_name'))]"
            ],
            "properties": {
                "protocol": "TCP",
                "sourcePortRange": "*",
                "destinationPortRange": "3389",
                "sourceAddressPrefix": "*",
                "destinationAddressPrefix": "*",
                "access": "Allow",
                "priority": 300,
                "direction": "Inbound",
                "sourcePortRanges": [],
                "destinationPortRanges": [],
                "sourceAddressPrefixes": [],
                "destinationAddressPrefixes": []
            }
        },
        {
            "type": "Microsoft.Network/virtualNetworks/subnets",
            "apiVersion": "2023-04-01",
            "name": "[concat(parameters('virtualNetworks_mijnnetwerk_name'), '/sub_1')]",
            "dependsOn": [
                "[resourceId('Microsoft.Network/virtualNetworks', parameters('virtualNetworks_mijnnetwerk_name'))]"
            ],
            "properties": {
                "addressPrefix": "192.168.100.0/24",
                "serviceEndpoints": [],
                "delegations": [],
                "privateEndpointNetworkPolicies": "Disabled",
                "privateLinkServiceNetworkPolicies": "Enabled"
            }
        },
        {
            "type": "Microsoft.Network/virtualNetworks/subnets",
            "apiVersion": "2023-04-01",
            "name": "[concat(parameters('virtualNetworks_mijnnetwerk_name'), '/sub_2')]",
            "dependsOn": [
                "[resourceId('Microsoft.Network/virtualNetworks', parameters('virtualNetworks_mijnnetwerk_name'))]"
            ],
            "properties": {
                "addressPrefix": "192.168.1.0/24",
                "serviceEndpoints": [],
                "delegations": [],
                "privateEndpointNetworkPolicies": "Disabled",
                "privateLinkServiceNetworkPolicies": "Enabled"
            }
        },
        {
            "type": "Microsoft.Network/networkInterfaces",
            "apiVersion": "2023-04-01",
            "name": "[parameters('networkInterfaces_vm1550_name')]",
            "location": "westeurope",
            "dependsOn": [
                "[resourceId('Microsoft.Network/publicIPAddresses', parameters('publicIPAddresses_vm1_ip_name'))]",
                "[resourceId('Microsoft.Network/virtualNetworks/subnets', parameters('virtualNetworks_mijnnetwerk_name'), 'sub_1')]",
                "[resourceId('Microsoft.Network/networkSecurityGroups', parameters('networkSecurityGroups_vm1_nsg_name'))]"
            ],
            "kind": "Regular",
            "properties": {
                "ipConfigurations": [
                    {
                        "name": "ipconfig1",
                        "id": "[concat(resourceId('Microsoft.Network/networkInterfaces', parameters('networkInterfaces_vm1550_name')), '/ipConfigurations/ipconfig1')]",
                        "etag": "W/\"b43082bf-c993-4b5d-8603-20314dd91d9a\"",
                        "type": "Microsoft.Network/networkInterfaces/ipConfigurations",
                        "properties": {
                            "provisioningState": "Succeeded",
                            "privateIPAddress": "192.168.100.4",
                            "privateIPAllocationMethod": "Dynamic",
                            "publicIPAddress": {
                                "id": "[resourceId('Microsoft.Network/publicIPAddresses', parameters('publicIPAddresses_vm1_ip_name'))]",
                                "properties": {
                                    "deleteOption": "Detach"
                                }
                            },
                            "subnet": {
                                "id": "[resourceId('Microsoft.Network/virtualNetworks/subnets', parameters('virtualNetworks_mijnnetwerk_name'), 'sub_1')]"
                            },
                            "primary": true,
                            "privateIPAddressVersion": "IPv4"
                        }
                    }
                ],
                "dnsSettings": {
                    "dnsServers": []
                },
                "enableAcceleratedNetworking": true,
                "enableIPForwarding": false,
                "disableTcpStateTracking": false,
                "networkSecurityGroup": {
                    "id": "[resourceId('Microsoft.Network/networkSecurityGroups', parameters('networkSecurityGroups_vm1_nsg_name'))]"
                },
                "nicType": "Standard",
                "auxiliaryMode": "None",
                "auxiliarySku": "None"
            }
        }
    ]
}